{
  "semantic_only": {
    "overall": {
      "hit@1": 0.2859237536656892,
      "precision@1": 0.2859237536656892,
      "recall@1": 0.2859237536656892,
      "mrr@1": 0.2859237536656892,
      "ndcg@1": 0.2859237536656892,
      "hit@3": 0.3870967741935484,
      "precision@3": 0.12903225806451588,
      "recall@3": 0.3870967741935484,
      "mrr@3": 0.33088954056696007,
      "ndcg@3": 0.3453413030268135,
      "hit@5": 0.4413489736070381,
      "precision@5": 0.08826979472140808,
      "recall@5": 0.4413489736070381,
      "mrr@5": 0.34364613880742917,
      "ndcg@5": 0.3679996188471774,
      "hit@10": 0.5205278592375366,
      "precision@10": 0.05205278592375401,
      "recall@10": 0.5205278592375366,
      "mrr@10": 0.354054950425918,
      "ndcg@10": 0.3934543140105215
    },
    "by_group": {
      "dieu_cu_the": {
        "hit@1": 0.10540540540540541,
        "precision@1": 0.10540540540540541,
        "recall@1": 0.10540540540540541,
        "mrr@1": 0.10540540540540541,
        "ndcg@1": 0.10540540540540541,
        "hit@3": 0.21081081081081082,
        "precision@3": 0.0702702702702702,
        "recall@3": 0.21081081081081082,
        "mrr@3": 0.15270270270270275,
        "ndcg@3": 0.1676624414768361,
        "hit@5": 0.27837837837837837,
        "precision@5": 0.055675675675675565,
        "recall@5": 0.27837837837837837,
        "mrr@5": 0.16837837837837846,
        "ndcg@5": 0.19569622578571483,
        "hit@10": 0.37027027027027026,
        "precision@10": 0.03702702702702694,
        "recall@10": 0.37027027027027026,
        "mrr@10": 0.18047940797940806,
        "ndcg@10": 0.22526072928024207
      },
      "khoan_va_dieu": {
        "hit@1": 0.8260869565217391,
        "precision@1": 0.8260869565217391,
        "recall@1": 0.8260869565217391,
        "mrr@1": 0.8260869565217391,
        "ndcg@1": 0.8260869565217391,
        "hit@3": 0.9021739130434783,
        "precision@3": 0.3007246376811591,
        "recall@3": 0.9021739130434783,
        "mrr@3": 0.8568840579710144,
        "ndcg@3": 0.8683998832686346,
        "hit@5": 0.9456521739130435,
        "precision@5": 0.18913043478260838,
        "recall@5": 0.9456521739130435,
        "mrr@5": 0.8672101449275362,
        "ndcg@5": 0.8866486058931422,
        "hit@10": 0.967391304347826,
        "precision@10": 0.09673913043478244,
        "recall@10": 0.967391304347826,
        "mrr@10": 0.8698498964803313,
        "ndcg@10": 0.8934138032806556
      },
      "ngu_nghia_rong": {
        "hit@1": 0.36363636363636365,
        "precision@1": 0.36363636363636365,
        "recall@1": 0.36363636363636365,
        "mrr@1": 0.36363636363636365,
        "ndcg@1": 0.36363636363636365,
        "hit@3": 0.4681818181818182,
        "precision@3": 0.1560606060606059,
        "recall@3": 0.4681818181818182,
        "mrr@3": 0.4106060606060606,
        "ndcg@3": 0.4254312548051967,
        "hit@5": 0.5045454545454545,
        "precision@5": 0.1009090909090907,
        "recall@5": 0.5045454545454545,
        "mrr@5": 0.41946969696969694,
        "ndcg@5": 0.44089302168587063,
        "hit@10": 0.5863636363636363,
        "precision@10": 0.0586363636363635,
        "recall@10": 0.5863636363636363,
        "mrr@10": 0.4302813852813852,
        "ndcg@10": 0.4672513746348441
      }
    }
  },
  "semantic_clause_boost": {
    "overall": {
      "hit@1": 0.28005865102639294,
      "precision@1": 0.28005865102639294,
      "recall@1": 0.28005865102639294,
      "mrr@1": 0.28005865102639294,
      "ndcg@1": 0.28005865102639294,
      "hit@3": 0.37976539589442815,
      "precision@3": 0.1265884652981425,
      "recall@3": 0.37976539589442815,
      "mrr@3": 0.32331378299120245,
      "ndcg@3": 0.33778316700356237,
      "hit@5": 0.4574780058651026,
      "precision@5": 0.09149560117302104,
      "recall@5": 0.4574780058651026,
      "mrr@5": 0.34112903225806446,
      "ndcg@5": 0.3698384970027341,
      "hit@10": 0.5689149560117303,
      "precision@10": 0.05689149560117343,
      "recall@10": 0.5689149560117303,
      "mrr@10": 0.355798189265931,
      "ndcg@10": 0.40568756014263224
    },
    "by_group": {
      "dieu_cu_the": {
        "hit@1": 0.0945945945945946,
        "precision@1": 0.0945945945945946,
        "recall@1": 0.0945945945945946,
        "mrr@1": 0.0945945945945946,
        "ndcg@1": 0.0945945945945946,
        "hit@3": 0.17297297297297298,
        "precision@3": 0.05765765765765764,
        "recall@3": 0.17297297297297298,
        "mrr@3": 0.1274774774774775,
        "ndcg@3": 0.13909174676641045,
        "hit@5": 0.27297297297297296,
        "precision@5": 0.05459459459459449,
        "recall@5": 0.27297297297297296,
        "mrr@5": 0.1503153153153154,
        "ndcg@5": 0.18026432145639396,
        "hit@10": 0.43513513513513513,
        "precision@10": 0.0435135135135134,
        "recall@10": 0.43513513513513513,
        "mrr@10": 0.17182968682968708,
        "ndcg@10": 0.23260530519570496
      },
      "khoan_va_dieu": {
        "hit@1": 0.7717391304347826,
        "precision@1": 0.7717391304347826,
        "recall@1": 0.7717391304347826,
        "mrr@1": 0.7717391304347826,
        "ndcg@1": 0.7717391304347826,
        "hit@3": 0.9021739130434783,
        "precision@3": 0.3007246376811591,
        "recall@3": 0.9021739130434783,
        "mrr@3": 0.8260869565217391,
        "ndcg@3": 0.8454954187111818,
        "hit@5": 0.9782608695652174,
        "precision@5": 0.19565217391304313,
        "recall@5": 0.9782608695652174,
        "mrr@5": 0.8429347826086958,
        "ndcg@5": 0.8763589067889899,
        "hit@10": 1.0,
        "precision@10": 0.09999999999999983,
        "recall@10": 1.0,
        "mrr@10": 0.8458462732919255,
        "ndcg@10": 0.8834110612468057
      },
      "ngu_nghia_rong": {
        "hit@1": 0.38636363636363635,
        "precision@1": 0.38636363636363635,
        "recall@1": 0.38636363636363635,
        "mrr@1": 0.38636363636363635,
        "ndcg@1": 0.38636363636363635,
        "hit@3": 0.509090909090909,
        "precision@3": 0.16969696969696965,
        "recall@3": 0.509090909090909,
        "mrr@3": 0.4424242424242424,
        "ndcg@3": 0.459629977597405,
        "hit@5": 0.55,
        "precision@5": 0.10999999999999975,
        "recall@5": 0.55,
        "mrr@5": 0.4521969696969697,
        "ndcg@5": 0.476850166329145,
        "hit@10": 0.6136363636363636,
        "precision@10": 0.06136363636363622,
        "recall@10": 0.6136363636363636,
        "mrr@10": 0.46027056277056283,
        "ndcg@10": 0.49700516118253546
      }
    }
  },
  "semantic_clause_filter": {
    "overall": {
      "hit@1": 0.2756598240469208,
      "precision@1": 0.2756598240469208,
      "recall@1": 0.2756598240469208,
      "mrr@1": 0.2756598240469208,
      "ndcg@1": 0.2756598240469208,
      "hit@3": 0.3709677419354839,
      "precision@3": 0.12365591397849444,
      "recall@3": 0.3709677419354839,
      "mrr@3": 0.31793743890518095,
      "ndcg@3": 0.3315688847559713,
      "hit@5": 0.43841642228739003,
      "precision@5": 0.08768328445747846,
      "recall@5": 0.43841642228739003,
      "mrr@5": 0.33362658846529814,
      "ndcg@5": 0.3595893270696876,
      "hit@10": 0.5483870967741935,
      "precision@10": 0.05483870967741974,
      "recall@10": 0.5483870967741935,
      "mrr@10": 0.347741237257366,
      "ndcg@10": 0.3945845910911996
    },
    "by_group": {
      "dieu_cu_the": {
        "hit@1": 0.1,
        "precision@1": 0.1,
        "recall@1": 0.1,
        "mrr@1": 0.1,
        "ndcg@1": 0.1,
        "hit@3": 0.1972972972972973,
        "precision@3": 0.06576576576576572,
        "recall@3": 0.1972972972972973,
        "mrr@3": 0.14324324324324325,
        "ndcg@3": 0.15714138942085132,
        "hit@5": 0.2864864864864865,
        "precision@5": 0.05729729729729718,
        "recall@5": 0.2864864864864865,
        "mrr@5": 0.16364864864864873,
        "ndcg@5": 0.19389488646052166,
        "hit@10": 0.42162162162162165,
        "precision@10": 0.04216216216216206,