{
  "semantic_only": {
    "overall": {
      "hit@1": 0.5031645569620253,
      "precision@1": 0.5031645569620253,
      "recall@1": 0.5031645569620253,
      "mrr@1": 0.5031645569620253,
      "ndcg@1": 0.5031645569620253,
      "hit@3": 0.6075949367088608,
      "precision@3": 0.2025316455696208,
      "recall@3": 0.6075949367088608,
      "mrr@3": 0.54957805907173,
      "ndcg@3": 0.5644951094258608,
      "hit@5": 0.6550632911392406,
      "precision@5": 0.13101265822784824,
      "recall@5": 0.6550632911392406,
      "mrr@5": 0.5612869198312237,
      "ndcg@5": 0.5847999341735255,
      "hit@10": 0.7278481012658228,
      "precision@10": 0.07278481012658246,
      "recall@10": 0.7278481012658228,
      "mrr@10": 0.5705834337954592,
      "ndcg@10": 0.6079244760369564
    },
    "by_group": {
      "dieu_cu_the": {
        "hit@1": 0.14,
        "precision@1": 0.14,
        "recall@1": 0.14,
        "mrr@1": 0.14,
        "ndcg@1": 0.14,
        "hit@3": 0.27,
        "precision@3": 0.08999999999999998,
        "recall@3": 0.27,
        "mrr@3": 0.19833333333333333,
        "ndcg@3": 0.2167836778214312,
        "hit@5": 0.32,
        "precision@5": 0.06400000000000003,
        "recall@5": 0.32,
        "mrr@5": 0.21083333333333332,
        "ndcg@5": 0.23831750572510088,
        "hit@10": 0.44,
        "precision@10": 0.044000000000000004,
        "recall@10": 0.44,
        "mrr@10": 0.2262857142857143,
        "ndcg@10": 0.2765631433992531
      },
      "khoan_va_dieu": {
        "hit@1": 0.8260869565217391,
        "precision@1": 0.8260869565217391,
        "recall@1": 0.8260869565217391,
        "mrr@1": 0.8260869565217391,
        "ndcg@1": 0.8260869565217391,
        "hit@3": 0.9021739130434783,
        "precision@3": 0.3007246376811591,
        "recall@3": 0.9021739130434783,
        "mrr@3": 0.8568840579710144,
        "ndcg@3": 0.8683998832686346,
        "hit@5": 0.9456521739130435,
        "precision@5": 0.18913043478260838,
        "recall@5": 0.9456521739130435,
        "mrr@5": 0.8672101449275362,
        "ndcg@5": 0.8866486058931422,
        "hit@10": 0.967391304347826,
        "precision@10": 0.09673913043478244,
        "recall@10": 0.967391304347826,
        "mrr@10": 0.8698498964803313,
        "ndcg@10": 0.8934138032806556
      },
      "ngu_nghia_rong": {
        "hit@1": 0.5564516129032258,
        "precision@1": 0.5564516129032258,
        "recall@1": 0.5564516129032258,
        "mrr@1": 0.5564516129032258,
        "ndcg@1": 0.5564516129032258,
        "hit@3": 0.6612903225806451,
        "precision@3": 0.22043010752688147,
        "recall@3": 0.6612903225806451,
        "mrr@3": 0.6048387096774194,
        "ndcg@3": 0.6194298188364078,
        "hit@5": 0.7096774193548387,
        "precision@5": 0.1419354838709675,
        "recall@5": 0.7096774193548387,
        "mrr@5": 0.6169354838709677,
        "ndcg@5": 0.6402690071302815,
        "hit@10": 0.782258064516129,
        "precision@10": 0.07822580645161276,
        "recall@10": 0.782258064516129,
        "mrr@10": 0.6262064772145417,
        "ndcg@10": 0.6633366950478436
      }
    }
  },
  "semantic_clause_boost": {
    "overall": {
      "hit@1": 0.5253164556962026,
      "precision@1": 0.5253164556962026,
      "recall@1": 0.5253164556962026,
      "mrr@1": 0.5253164556962026,
      "ndcg@1": 0.5253164556962026,
      "hit@3": 0.6265822784810127,
      "precision@3": 0.20886075949367133,
      "recall@3": 0.6265822784810127,
      "mrr@3": 0.5690928270042195,
      "ndcg@3": 0.5838217256894228,
      "hit@5": 0.6993670886075949,
      "precision@5": 0.13987341772151926,
      "recall@5": 0.6993670886075949,
      "mrr@5": 0.5861814345991562,
      "ndcg@5": 0.6141976579040307,
      "hit@10": 0.75,
      "precision@10": 0.0750000000000002,
      "recall@10": 0.75,
      "mrr@10": 0.5926499397227245,
      "ndcg@10": 0.6302827752390465
    },
    "by_group": {
      "dieu_cu_the": {
        "hit@1": 0.22,
        "precision@1": 0.22,
        "recall@1": 0.22,
        "mrr@1": 0.22,
        "ndcg@1": 0.22,
        "hit@3": 0.26,
        "precision@3": 0.08666666666666664,
        "recall@3": 0.26,
        "mrr@3": 0.2333333333333333,
        "ndcg@3": 0.24,
        "hit@5": 0.35,
        "precision@5": 0.07000000000000003,
        "recall@5": 0.35,
        "mrr@5": 0.2548333333333333,
        "ndcg@5": 0.2778844152098284,
        "hit@10": 0.42,
        "precision@10": 0.04200000000000001,
        "recall@10": 0.42,
        "mrr@10": 0.26420634920634917,
        "ndcg@10": 0.30055213804085545
      },
      "khoan_va_dieu": {
        "hit@1": 0.7717391304347826,
        "precision@1": 0.7717391304347826,
        "recall@1": 0.7717391304347826,
        "mrr@1": 0.7717391304347826,
        "ndcg@1": 0.7717391304347826,
        "hit@3": 0.9021739130434783,
        "precision@3": 0.3007246376811591,
        "recall@3": 0.9021739130434783,
        "mrr@3": 0.8260869565217391,
        "ndcg@3": 0.8454954187111818,
        "hit@5": 0.9782608695652174,
        "precision@5": 0.19565217391304313,
        "recall@5": 0.9782608695652174,
        "mrr@5": 0.8429347826086958,
        "ndcg@5": 0.8763589067889899,
        "hit@10": 1.0,
        "precision@10": 0.09999999999999983,
        "recall@10": 1.0,
        "mrr@10": 0.8458462732919255,
        "ndcg@10": 0.8834110612468057
      },
      "ngu_nghia_rong": {
        "hit@1": 0.5887096774193549,
        "precision@1": 0.5887096774193549,
        "recall@1": 0.5887096774193549,
        "mrr@1": 0.5887096774193549,
        "ndcg@1": 0.5887096774193549,
        "hit@3": 0.717741935483871,
        "precision@3": 0.2392473118279567,
        "recall@3": 0.717741935483871,
        "mrr@3": 0.6491935483870968,
        "ndcg@3": 0.6669523128744267,
        "hit@5": 0.7741935483870968,
        "precision@5": 0.15483870967741906,
        "recall@5": 0.7741935483870968,
        "mrr@5": 0.6629032258064517,
        "ndcg@5": 0.6909112818718048,
        "hit@10": 0.8306451612903226,
        "precision@10": 0.0830645161290321,
        "recall@10": 0.8306451612903226,
        "mrr@10": 0.669668458781362,
        "ndcg@10": 0.7083897220705404
      }
    }
  },
  "semantic_clause_filter": {
    "overall": {
      "hit@1": 0.4936708860759494,
      "precision@1": 0.4936708860759494,
      "recall@1": 0.4936708860759494,
      "mrr@1": 0.4936708860759494,
      "ndcg@1": 0.4936708860759494,
      "hit@3": 0.5917721518987342,
      "precision@3": 0.19725738396624526,
      "recall@3": 0.5917721518987342,
      "mrr@3": 0.5374472573839661,
      "ndcg@3": 0.5514225469145586,
      "hit@5": 0.6455696202531646,
      "precision@5": 0.12911392405063304,
      "recall@5": 0.6455696202531646,
      "mrr@5": 0.5505801687763714,
      "ndcg@5": 0.5743144899068688,
      "hit@10": 0.7341772151898734,
      "precision@10": 0.07341772151898752,
      "recall@10": 0.7341772151898734,
      "mrr@10": 0.5611525517379948,
      "ndcg@10": 0.6016947974292001
    },
    "by_group": {
      "dieu_cu_the": {
        "hit@1": 0.16,
        "precision@1": 0.16,
        "recall@1": 0.16,
        "mrr@1": 0.16,
        "ndcg@1": 0.16,
        "hit@3": 0.28,
        "precision@3": 0.09333333333333332,
        "recall@3": 0.28,
        "mrr@3": 0.21333333333333332,
        "ndcg@3": 0.23047438028571662,
        "hit@5": 0.34,
        "precision@5": 0.06800000000000003,
        "recall@5": 0.34,
        "mrr@5": 0.2278333333333333,
        "ndcg@5": 0.2558767362617317,
        "hit@10": 0.46,
        "precision@10": 0.046,
        "recall@10": 0.46,
        "mrr@10": 0.24160714285714285,
        "ndcg@10": 0.29238530967276694
      },
      "khoan_va_dieu": {
        "hit@1": 0.8260869565217391,
        "precision@1": 0.8260869565217391,
        "recall@1": 0.8260869565217391,
        "mrr@1": 0.8260869565217391,
        "ndcg@1": 0.8260869565217391,
        "hit@3": 0.9021739130434783,
        "precision@3": 0.3007246376811591,
        "recall@3": 0.9021739130434783,