{
  "semantic_only": {
    "overall": {
      "hit@1": 1.0,
      "precision@1": 1.0,
      "recall@1": 1.0,
      "mrr@1": 1.0,
      "ndcg@1": 1.0,
      "hit@3": 1.0,
      "precision@3": 0.3333333333333333,
      "recall@3": 1.0,
      "mrr@3": 1.0,
      "ndcg@3": 1.0,
      "hit@5": 1.0,
      "precision@5": 0.20000000000000004,
      "recall@5": 1.0,
      "mrr@5": 1.0,
      "ndcg@5": 1.0
    },
    "by_group": {
      "ngu_nghia_rong": {
        "hit@1": 1.0,
        "precision@1": 1.0,
        "recall@1": 1.0,
        "mrr@1": 1.0,
        "ndcg@1": 1.0,
        "hit@3": 1.0,
        "precision@3": 0.3333333333333333,
        "recall@3": 1.0,
        "mrr@3": 1.0,
        "ndcg@3": 1.0,
        "hit@5": 1.0,
        "precision@5": 0.2,
        "recall@5": 1.0,
        "mrr@5": 1.0,
        "ndcg@5": 1.0
      },
      "khoan_va_dieu": {
        "hit@1": 1.0,
        "precision@1": 1.0,
        "recall@1": 1.0,
        "mrr@1": 1.0,
        "ndcg@1": 1.0,
        "hit@3": 1.0,
        "precision@3": 0.3333333333333333,
        "recall@3": 1.0,
        "mrr@3": 1.0,
        "ndcg@3": 1.0,
        "hit@5": 1.0,
        "precision@5": 0.2,
        "recall@5": 1.0,
        "mrr@5": 1.0,
        "ndcg@5": 1.0
      },
      "dieu_cu_the": {
        "hit@1": 1.0,
        "precision@1": 1.0,
        "recall@1": 1.0,
        "mrr@1": 1.0,
        "ndcg@1": 1.0,
        "hit@3": 1.0,
        "precision@3": 0.3333333333333333,
        "recall@3": 1.0,
        "mrr@3": 1.0,
        "ndcg@3": 1.0,
        "hit@5": 1.0,
        "precision@5": 0.2,
        "recall@5": 1.0,
        "mrr@5": 1.0,
        "ndcg@5": 1.0
      }
    }
  },
  "semantic_clause_boost": {
    "overall": {
      "hit@1": 1.0,
      "precision@1": 1.0,
      "recall@1": 1.0,
      "mrr@1": 1.0,
      "ndcg@1": 1.0,
      "hit@3": 1.0,
      "precision@3": 0.3333333333333333,
      "recall@3": 1.0,
      "mrr@3": 1.0,
      "ndcg@3": 1.0,
      "hit@5": 1.0,
      "precision@5": 0.20000000000000004,
      "recall@5": 1.0,
      "mrr@5": 1.0,
      "ndcg@5": 1.0
    },
    "by_group": {
      "ngu_nghia_rong": {
        "hit@1": 1.0,
        "precision@1": 1.0,
        "recall@1": 1.0,
        "mrr@1": 1.0,
        "ndcg@1": 1.0,
        "hit@3": 1.0,
        "precision@3": 0.3333333333333333,
        "recall@3": 1.0,
        "mrr@3": 1.0,
        "ndcg@3": 1.0,
        "hit@5": 1.0,
        "precision@5": 0.2,
        "recall@5": 1.0,
        "mrr@5": 1.0,
        "ndcg@5": 1.0
      },
      "khoan_va_dieu": {
        "hit@1": 1.0,
        "precision@1": 1.0,
        "recall@1": 1.0,
        "mrr@1": 1.0,
        "ndcg@1": 1.0,
        "hit@3": 1.0,
        "precision@3": 0.3333333333333333,
        "recall@3": 1.0,
        "mrr@3": 1.0,
        "ndcg@3": 1.0,
        "hit@5": 1.0,
        "precision@5": 0.2,
        "recall@5": 1.0,
        "mrr@5": 1.0,
        "ndcg@5": 1.0
      },
      "dieu_cu_the": {
        "hit@1": 1.0,
        "precision@1": 1.0,
        "recall@1": 1.0,
        "mrr@1": 1.0,
        "ndcg@1": 1.0,
        "hit@3": 1.0,
        "precision@3": 0.3333333333333333,
        "recall@3": 1.0,
        "mrr@3": 1.0,
        "ndcg@3": 1.0,
        "hit@5": 1.0,
        "precision@5": 0.2,
        "recall@5": 1.0,
        "mrr@5": 1.0,
        "ndcg@5": 1.0
      }
    }
  },
  "semantic_clause_filter": {
    "overall": {
      "hit@1": 1.0,
      "precision@1": 1.0,
      "recall@1": 1.0,
      "mrr@1": 1.0,
      "ndcg@1": 1.0,
      "hit@3": 1.0,
      "precision@3": 0.3333333333333333,
      "recall@3": 1.0,
      "mrr@3": 1.0,
      "ndcg@3": 1.0,
      "hit@5": 1.0,
      "precision@5": 0.20000000000000004,
      "recall@5": 1.0,
      "mrr@5": 1.0,
      "ndcg@5": 1.0
    },
    "by_group": {
      "ngu_nghia_rong": {
        "hit@1": 1.0,
        "precision@1": 1.0,
        "recall@1": 1.0,
        "mrr@1": 1.0,
        "ndcg@1": 1.0,
        "hit@3": 1.0,
        "precision@3": 0.3333333333333333,
        "recall@3": 1.0,
        "mrr@3": 1.0,
        "ndcg@3": 1.0,
        "hit@5": 1.0,
        "precision@5": 0.2,
        "recall@5": 1.0,
        "mrr@5": 1.0,
        "ndcg@5": 1.0
      },
      "khoan_va_dieu": {
        "hit@1": 1.0,
        "precision@1": 1.0,
        "recall@1": 1.0,
        "mrr@1": 1.0,
        "ndcg@1": 1.0,
        "hit@3": 1.0,
        "precision@3": 0.3333333333333333,
        "recall@3": 1.0,
        "mrr@3": 1.0,
        "ndcg@3": 1.0,
        "hit@5": 1.0,
        "precision@5": 0.2,
        "recall@5": 1.0,
        "mrr@5": 1.0,
        "ndcg@5": 1.0
      },
      "dieu_cu_the": {
        "hit@1": 1.0,
        "precision@1": 1.0,
        "recall@1": 1.0,
        "mrr@1": 1.0,
        "ndcg@1": 1.0,
        "hit@3": 1.0,
        "precision@3": 0.3333333333333333,
        "recall@3": 1.0,
        "mrr@3": 1.0,
        "ndcg@3": 1.0,
        "hit@5": 1.0,
        "precision@5": 0.2,
        "recall@5": 1.0,
        "mrr@5": 1.0,
        "ndcg@5": 1.0
      }
    }
  }
}